{"cameraMode":{"drawMode":0,"name":"Shaded","section":"Shading Mode"},"sceneLighting":true,"audioPlay":false,"sceneViewState":{"showFog":true,"showMaterialUpdate":false,"showSkybox":true,"showFlares":true,"showImageEffects":true,"showParticleSystems":true},"in2DMode":false,"pivot":{"x":532.2100219726563,"y":24.510000228881837,"z":519.1599731445313},"rotation":{"x":0.36410218477249148,"y":-0.5813570618629456,"z":0.3251889944076538,"w":0.6509300470352173},"size":10.0,"orthographic":false}